{
  "_format": "hh-sol-cache-2",
  "files": {
    "D:\\CAPSTONE\\ehr-blockchain\\smart-contracts\\contracts\\EHRContract.sol": {
      "lastModificationDate": 1768787130879,
      "contentHash": "dff5de68bd037fcd41fea2208ecfa249",
      "sourceName": "contracts/EHRContract.sol",
      "solcConfig": {
        "version": "0.8.20",
        "settings": {
          "optimizer": {
            "enabled": true,
            "runs": 200
          },
          "evmVersion": "paris",
          "outputSelection": {
            "*": {
              "*": [
                "abi",
                "evm.bytecode",
                "evm.deployedBytecode",
                "evm.methodIdentifiers",
                "metadata"
              ],
              "": [
                "ast"
              ]
            }
          }
        }
      },
      "imports": [],
      "versionPragmas": [
        "^0.8.20"
      ],
      "artifacts": [
        "EHRContract"
      ]
    }
  }
}
